{
  "minecraft:recipes/decorations/torch": {
    "criteria": {
      "has_stone_pickaxe": "2024-05-26 01:02:29 +0000"
    },
    "done": true
  },
  "minecraft:story/upgrade_tools": {
    "criteria": {
      "stone_pickaxe": "2024-05-26 01:02:29 +0000"
    },
    "done": true
  },
  "minecraft:adventure/adventuring_time": {
    "criteria": {
      "minecraft:frozen_river": "2024-05-26 01:03:20 +0000",
      "minecraft:snowy_plains": "2024-05-26 01:02:30 +0000",
      "minecraft:snowy_beach": "2024-05-26 01:03:55 +0000"
    },
    "done": false
  },
  "DataVersion": 3120
}